[
  {
    "Id": "286",
    "Name": "18+"
  },
  {
    "Id": "347",
    "Name": "3D"
  },
  {
    "Id": "58",
    "Name": "Action"
  },
  {
    "Id": "59",
    "Name": "Adult"
  },
  {
    "Id": "348",
    "Name": "Bạo Dâm"
  },
  {
    "Id": "113",
    "Name": "Chơi Hai Lỗ"
  },
  {
    "Id": "96",
    "Name": "Comedy"
  },
  {
    "Id": "349",
    "Name": "Detective"
  },
  {
    "Id": "114",
    "Name": "Doujinshi"
  },
  {
    "Id": "115",
    "Name": "Drama"
  },
  {
    "Id": "117",
    "Name": "Ecchi"
  },
  {
    "Id": "121",
    "Name": "Fantasy"
  },
  {
    "Id": "130",
    "Name": "Gangbang"
  },
  {
    "Id": "132",
    "Name": "Gender Bender"
  },
  {
    "Id": "207",
    "Name": "Giáo Viên"
  },
  {
    "Id": "136",
    "Name": "Group"
  },
  {
    "Id": "182",
    "Name": "Hãm Hiếp"
  },
  {
    "Id": "140",
    "Name": "Harem"
  },
  {
    "Id": "62",
    "Name": "Hậu Môn"
  },
  {
    "Id": "142",
    "Name": "Historical"
  },
  {
    "Id": "143",
    "Name": "Horror"
  },
  {
    "Id": "144",
    "Name": "Housewife"
  },
  {
    "Id": "19",
    "Name": "Josei"
  },
  {
    "Id": "151",
    "Name": "Không Che"
  },
  {
    "Id": "143",
    "Name": "Kinh Dị"
  },
  {
    "Id": "111",
    "Name": "Lão Già Dâm"
  },
  {
    "Id": "148",
    "Name": "Loạn Luân"
  },
  {
    "Id": "154",
    "Name": "Loli"
  },
  {
    "Id": "21",
    "Name": "Manga"
  },
  {
    "Id": "156",
    "Name": "Manhua"
  },
  {
    "Id": "157",
    "Name": "Manhwa"
  },
  {
    "Id": "24",
    "Name": "Martial Arts"
  },
  {
    "Id": "159",
    "Name": "Mature"
  },
  {
    "Id": "161",
    "Name": "Milf"
  },
  {
    "Id": "162",
    "Name": "Mind Break"
  },
  {
    "Id": "27",
    "Name": "Mystery"
  },
  {
    "Id": "76",
    "Name": "Ngực Lớn"
  },
  {
    "Id": "199",
    "Name": "Ngực Nhỏ"
  },
  {
    "Id": "197",
    "Name": "Nô Lệ"
  },
  {
    "Id": "171",
    "Name": "NTR"
  },
  {
    "Id": "188",
    "Name": "Nữ Sinh"
  },
  {
    "Id": "174",
    "Name": "Old Man"
  },
  {
    "Id": "175",
    "Name": "One shot"
  },
  {
    "Id": "175",
    "Name": "Oneshot"
  },
  {
    "Id": "30",
    "Name": "Psychological"
  },
  {
    "Id": "182",
    "Name": "Rape"
  },
  {
    "Id": "184",
    "Name": "Romance"
  },
  {
    "Id": "32",
    "Name": "School Life"
  },
  {
    "Id": "33",
    "Name": "Sci-fi"
  },
  {
    "Id": "34",
    "Name": "Seinen"
  },
  {
    "Id": "189",
    "Name": "Series"
  },
  {
    "Id": "194",
    "Name": "Shoujo"
  },
  {
    "Id": "36",
    "Name": "Shoujo Ai"
  },
  {
    "Id": "37",
    "Name": "Shounen"
  },
  {
    "Id": "39",
    "Name": "Slice of Life"
  },
  {
    "Id": "40",
    "Name": "Smut"
  },
  {
    "Id": "201",
    "Name": "Sports"
  },
  {
    "Id": "203",
    "Name": "Supernatural"
  },
  {
    "Id": "47",
    "Name": "Tragedy"
  },
  {
    "Id": "220",
    "Name": "Virgin"
  },
  {
    "Id": "221",
    "Name": "Webtoon"
  },
  {
    "Id": "173",
    "Name": "Y Tá"
  },
  {
    "Id": "224",
    "Name": "Yaoi"
  },
  {
    "Id": "225",
    "Name": "Yuri"
  }
]