[
  {
    "Id": "1",
    "Name": "Action",
    "Description": "Thể loại này thường có nội dung về đánh nhau, bạo lực, hỗn loạn, với diễn biến nhanh"
  },
  {
    "Id": "2",
    "Name": "Adult",
    "Description": "Thể loại Adult đề cập đến vấn đề nhạy cảm, chỉ dành cho tuổi 17+"
  },
  {
    "Id": "3",
    "Name": "Adventure",
    "Description": "Thể loại phiêu lưu, mạo hiểm, thường là hành trình của các nhân vật"
  },
  {
    "Id": "4",
    "Name": "Anime",
    "Description": "Truyện đã được chuyển thể thành film Anime"
  },
  {
    "Id": "5",
    "Name": "Chuyển Sinh",
    "Description": "Thể loại này là những câu chuyện về người ở một thế giới này xuyên đến một thế giới khác, có thể là thế giới mang phong cách trung cổ với kiếm sĩ và ma thuật, hay thế giới trong game, hoặc có thể là bạn chết ở nơi này và được chuyển sinh đến nơi khác"
  },
  {
    "Id": "6",
    "Name": "Comedy",
    "Description": "Thể loại có nội dung trong sáng và cảm động, thường có các tình tiết gây cười, các xung đột nhẹ nhàng"
  },
  {
    "Id": "7",
    "Name": "Comic",
    "Description": "Truyện tranh Châu Âu và Châu Mĩ"
  },
  {
    "Id": "8",
    "Name": "Cooking",
    "Description": "Thể loại có nội dung về nấu ăn, ẩm thực"
  },
  {
    "Id": "9",
    "Name": "Cổ Đại",
    "Description": "Truyện có nội dung xảy ra ở thời cổ đại phong kiến."
  },
  {
    "Id": "10",
    "Name": "Doujinshi",
    "Description": "Thể loại truyện phóng tác do fan hay có thể cả những Mangaka khác với tác giả truyện gốc. Tác giả vẽ Doujinshi thường dựa trên những nhân vật gốc để viết ra những câu chuyện theo sở thích của mình"
  },
  {
    "Id": "11",
    "Name": "Drama",
    "Description": "Thể loại mang đến cho người xem những cảm xúc khác nhau: buồn bã, căng thẳng thậm chí là bi phẫn"
  },
  {
    "Id": "12",
    "Name": "Đam Mỹ",
    "Description": "Truyện tình cảm giữa nam và nam."
  },
  {
    "Id": "13",
    "Name": "Ecchi",
    "Description": "Thường có những tình huống nhạy cảm nhằm lôi cuốn người xem"
  },
  {
    "Id": "14",
    "Name": "Fantasy",
    "Description": "Thể loại xuất phát từ trí tưởng tượng phong phú, từ pháp thuật đến thế giới trong mơ thậm chí là những câu chuyện thần tiên"
  },
  {
    "Id": "15",
    "Name": "Gender Bender",
    "Description": "Là một thể loại trong đó giới tính của nhân vật bị lẫn lộn: nam hoá thành nữ, nữ hóa thành nam..."
  },
  {
    "Id": "16",
    "Name": "Harem",
    "Description": "Thể loại truyện tình cảm, lãng mạn mà trong đó, nhiều nhân vật nữ thích một nam nhân vật chính"
  },
  {
    "Id": "17",
    "Name": "Lịch sử",
    "Description": "Thể loại liên quan đến lịch sử"
  },
  {
    "Id": "18",
    "Name": "Horror",
    "Description": "Horror là: rùng rợn, nghe cái tên là bạn đã hiểu thể loại này có nội dung thế nào. Nó làm cho bạn kinh hãi, khiếp sợ, ghê tởm, run rẩy, có thể gây sock - một thể loại không dành cho người yếu tim"
  },
  {
    "Id": "19",
    "Name": "Josei",
    "Description": "Thể loại của manga hay anime được sáng tác chủ yếu bởi phụ nữ cho những độc giả nữ từ 18 đến 30. Josei manga có thể miêu tả những lãng mạn thực tế , nhưng trái ngược với hầu hết các kiểu lãng mạn lí tưởng của Shoujo manga với cốt truyện rõ ràng, chín chắn"
  },
  {
    "Id": "20",
    "Name": "Live action",
    "Description": "Truyện đã được chuyển thể thành phim"
  },
  {
    "Id": "21",
    "Name": "Manga",
    "Description": "Truyện tranh của Nhật Bản"
  },
  {
    "Id": "22",
    "Name": "Manhua",
    "Description": "Truyện tranh của Trung Quốc"
  },
  {
    "Id": "23",
    "Name": "Manhwa",
    "Description": "Truyện tranh Hàn Quốc, đọc từ trái sang phải"
  },
  {
    "Id": "24",
    "Name": "Martial Arts",
    "Description": "Giống với tên gọi, bất cứ gì liên quan đến võ thuật trong truyện từ các trận đánh nhau, tự vệ đến các môn võ thuật như akido, karate, judo hay taekwondo, kendo, các cách né tránh"
  },
  {
    "Id": "25",
    "Name": "Mature",
    "Description": "Thể loại dành cho lứa tuổi 17+ bao gồm các pha bạo lực, máu me, chém giết, tình dục ở mức độ vừa"
  },
  {
    "Id": "26",
    "Name": "Mecha",
    "Description": "Mecha, còn được biết đến dưới cái tên meka hay mechs, là thể loại nói tới những cỗ máy biết đi (thường là do phi công cầm lái)"
  },
  {
    "Id": "27",
    "Name": "Mystery",
    "Description": "Thể loại thường xuất hiện những điều bí ấn không thể lí giải được và sau đó là những nỗ lực của nhân vật chính nhằm tìm ra câu trả lời thỏa đáng"
  },
  {
    "Id": "28",
    "Name": "Ngôn Tình",
    "Description": "Truyện thuộc kiểu lãng mạn, kể về những sự kiện vui buồn trong tình yêu của nhân vật chính."
  },
  {
    "Id": "29",
    "Name": "One shot",
    "Description": "Những truyện ngắn, thường là 1 chapter"
  },
  {
    "Id": "30",
    "Name": "Psychological",
    "Description": "Thể loại liên quan đến những vấn đề về tâm lý của nhân vật ( tâm thần bất ổn, điên cuồng ...)"
  },
  {
    "Id": "31",
    "Name": "Romance",
    "Description": "Thường là những câu chuyện về tình yêu, tình cảm lãng mạn. Ớ đây chúng ta sẽ lấy ví dụ như tình yêu giữa một người con trai và con gái, bên cạnh đó đặc điểm thể loại này là kích thích trí tưởng tượng của bạn về tình yêu"
  },
  {
    "Id": "32",
    "Name": "School Life",
    "Description": "Trong thể loại này, ngữ cảnh diễn biến câu chuyện chủ yếu ở trường học"
  },
  {
    "Id": "33",
    "Name": "Sci-fi",
    "Description": "Bao gồm những chuyện khoa học viễn tưởng, đa phần chúng xoay quanh nhiều hiện tượng mà liên quan tới khoa học, công nghệ, tuy vậy thường thì những câu chuyện đó không gắn bó chặt chẽ với các thành tựu khoa học hiện thời, mà là do con người tưởng tượng ra"
  },
  {
    "Id": "34",
    "Name": "Seinen",
    "Description": "Thể loại của manga thường nhằm vào những đối tượng nam 18 đến 30 tuổi, nhưng người xem có thể lớn tuổi hơn, với một vài bộ truyện nhắm đến các doanh nhân nam quá 40. Thể loại này có nhiều phong cách riêng biệt , nhưng thể loại này có những nét riêng biệt, thường được phân vào những phong cách nghệ thuật rộng hơn và phong phú hơn về chủ đề, có các loại từ mới mẻ tiên tiến đến khiêu dâm"
  },
  {
    "Id": "35",
    "Name": "Shoujo",
    "Description": "Đối tượng hướng tới của thể loại này là phái nữ. Nội dung của những bộ manga này thường liên quan đến tình cảm lãng mạn, chú trọng đầu tư cho nhân vật (tính cách,...)"
  },
  {
    "Id": "36",
    "Name": "Shoujo Ai",
    "Description": "Thể loại quan hệ hoặc liên quan tới đồng tính nữ, thể hiện trong các mối quan hệ trên mức bình thường giữa các nhân vật nữ trong các manga, anime"
  },
  {
    "Id": "37",
    "Name": "Shounen",
    "Description": "Đối tượng hướng tới của thể loại này là phái nam. Nội dung của những bộ manga này thường liên quan đến đánh nhau và/hoặc bạo lực (ở mức bình thường, không thái quá)"
  },
  {
    "Id": "38",
    "Name": "Shounen Ai",
    "Description": "Thể loại có nội dung về tình yêu giữa những chàng trai trẻ, mang tính chất lãng mạn nhưng ko đề cập đến quan hệ tình dục"
  },
  {
    "Id": "39",
    "Name": "Slice of Life",
    "Description": "Nói về cuộc sống đời thường"
  },
  {
    "Id": "40",
    "Name": "Smut",
    "Description": "Những truyện có nội dung hơi nhạy cảm, đặc biệt là liên quan đến tình dục"
  },
  {
    "Id": "41",
    "Name": "Soft Yaoi",
    "Description": "Boy x Boy. Nặng hơn Shounen Ai tí."
  },
  {
    "Id": "42",
    "Name": "Soft Yuri",
    "Description": "Girl x Girl. Nặng hơn Shoujo Ai tí"
  },
  {
    "Id": "43",
    "Name": "Sports",
    "Description": "Đúng như tên gọi, những môn thể thao như bóng đá, bóng chày, bóng chuyền, đua xe, cầu lông,... là một phần của thể loại này"
  },
  {
    "Id": "44",
    "Name": "Supernatural",
    "Description": "Thể hiện những sức mạnh đáng kinh ngạc và không thể giải thích được, chúng thường đi kèm với những sự kiện trái ngược hoặc thách thức với những định luật vật lý"
  },
  {
    "Id": "45",
    "Name": "Tạp chí truyện tranh",
    "Description": "Tạp chí online về manga anime v.v.."
  },
  {
    "Id": "46",
    "Name": "Thiếu Nhi",
    "Description": "Truyện tranh dành cho lứa tuổi thiếu nhi"
  },
  {
    "Id": "47",
    "Name": "Tragedy",
    "Description": "Thể loại chứa đựng những sự kiện mà dẫn đến kết cục là những mất mát hay sự rủi ro to lớn"
  },
  {
    "Id": "48",
    "Name": "Trinh Thám",
    "Description": "Các truyện có nội dung về các vụ án, các thám tử cảnh sát điều tra..."
  },
  {
    "Id": "49",
    "Name": "Truyện Màu",
    "Description": "Tổng hợp truyện tranh màu, rõ, đẹp"
  },
  {
    "Id": "50",
    "Name": "Truyện scan",
    "Description": "Các truyện đã phát hành tại VN được scan đăng online"
  },
  {
    "Id": "51",
    "Name": "Việt Nam",
    "Description": "Truyện tranh Việt Nam"
  },
  {
    "Id": "52",
    "Name": "Webtoon",
    "Description": "Là truyện tranh được đăng dài kỳ trên internet của Hàn Quốc chứ không xuất bản theo cách thông thường"
  },
  {
    "Id": "53",
    "Name": "Xuyên Không",
    "Description": "Xuyên Không, Xuyên Việt là thể loại nhân vật chính vì một lý do nào đó mà bị đưa đến sinh sống ở một không gian hay một khoảng thời gian khác. Nhân vật chính có thể trực tiếp xuyên qua bằng thân xác mình hoặc sống lại bằng thân xác người khác."
  },
  {
    "Id": "54",
    "Name": "Yaoi",
    "Description": "Truyện tranh đồng tính nam có nói về quan hệ thể xác, chia 2 cấp Soft Yaoi và Hard Yaoi (Nhẹ và Nặng)"
  },
  {
    "Id": "55",
    "Name": "Yuri",
    "Description": "Truyện tranh đồng tính nữ có nói về quan hệ thể xác, cũng có 2 cấp Soft Yuri và Hard Yuri"
  },
  {
    "Id": "56",
    "Name": "16+",
    "Description": "Là thể loại có nhiều cảnh nóng, đề cập đến các vấn đề nhạy cảm giới tính hay các cảnh bạo lực máu me .... Nói chung là truyện có tác động xấu đến tâm sinh lý của những độc giả chưa đủ 16 tuổi"
  },
  {
    "Id": "57",
    "Name": "3D Hentai",
    "Description": "Sống động như người thật"
  },
  {
    "Id": "58",
    "Name": "Action",
    "Description": "Thể loại này thường có nội dung về đánh nhau, bạo lực, hỗn loạn, với diễn biến nhanh."
  },
  {
    "Id": "59",
    "Name": "Adult",
    "Description": "Thể loại này thường bị che đi phần dưới một cách hoàn toàn, dù vẫn có hoạt động tình dục. Các cảnh tình dục cũng ít chi tiết khi so với những bộ Hentai thuần. Lí do là bởi để nó trở nên phổ biến rộng rãi hơn, thì việc che đi hoàn toàn là có lí do."
  },
  {
    "Id": "60",
    "Name": "Adventure",
    "Description": "Phiêu lưu mạo hiểm."
  },
  {
    "Id": "61",
    "Name": "Ahegao",
    "Description": "Gương mặt thể hiện lúc lên đỉnh; Hoặc thể hiện những gương mặt khả ố biển hiện là người dâm dục."
  },
  {
    "Id": "62",
    "Name": "Anal",
    "Description": "Làm tình ở lỗ hậu, kế bên âm đạo là chính là hậu môn."
  },
  {
    "Id": "63",
    "Name": "Angel",
    "Description": "Thiên Thần. Chủ yếu mô tả về các thiên thần có năng lực siêu nhiên."
  },
  {
    "Id": "64",
    "Name": "Ảnh động",
    "Description": "Ảnh động"
  },
  {
    "Id": "65",
    "Name": "Animal",
    "Description": "Động vật."
  },
  {
    "Id": "66",
    "Name": "Animal girl",
    "Description": "Gái thú"
  },
  {
    "Id": "67",
    "Name": "Áo Dài",
    "Description": "Áo dài truyền thống Việt Nam!!!"
  },
  {
    "Id": "68",
    "Name": "Apron",
    "Description": "Đề cập đến Tạp dề/Tạp đề mà khi nấu ăn người ta sẽ mang trước ngực. Điểm thú vị trong Hentai hầu hết các nhân vật nữ sẽ khỏa thân hoàn toàn và chỉ mặc mỗi tạp dề."
  },
  {
    "Id": "69",
    "Name": "Artist CG",
    "Description": "Tranh vẽ, hình vẽ có hoặc không có nội dung. Lưu ý truyện Artist CG không có lời thoại là bị cấm đăng!"
  },
  {
    "Id": "70",
    "Name": "Based Game",
    "Description": "Truyện được nhại lại từ game (Doujinshi)."
  },
  {
    "Id": "71",
    "Name": "BBM",
    "Description": "Mô tả một gã đàn ông béo."
  },
  {
    "Id": "72",
    "Name": "BBW",
    "Description": "Mô tả một người phụ nữ béo xinh đẹp."
  },
  {
    "Id": "73",
    "Name": "BDSM",
    "Description": "Thể loại bao gồm việc sử dụng những dụng cụ kích thích có tính tra tấn và có thể gồm những nhân vật bạo dâm"
  },
  {
    "Id": "74",
    "Name": "Bestiality",
    "Description": "Làm Tình Với Thú vật và Côn trùng."
  },
  {
    "Id": "75",
    "Name": "Big Ass",
    "Description": "Mông to."
  },
  {
    "Id": "76",
    "Name": "Big Boobs",
    "Description": "Miêu tả những nhân vật nữ với ngực lớn hơn bình thường"
  },
  {
    "Id": "77",
    "Name": "Big Penis",
    "Description": "Dương vật lớn."
  },
  {
    "Id": "78",
    "Name": "Blackmail",
    "Description": "Đe dọa, tống tiền, tống tình... đủ thứ trên đời để ép buộc nhân vật nữ phải quan hệ với mình."
  },
  {
    "Id": "79",
    "Name": "Bloomers",
    "Description": "Một loại đồng phục thể dục cực kì đặc biệt chỉ có ở Nhật Bản."
  },
  {
    "Id": "80",
    "Name": "BlowJobs",
    "Description": "Mút dương vật (Thổi kèn) bằng miệng."
  },
  {
    "Id": "81",
    "Name": "Body Swap",
    "Description": "Chuyển đổi cơ thể, thân xác."
  },
  {
    "Id": "82",
    "Name": "Bodysuit",
    "Description": "Bodysuit nguyên là những mẫu trang phục lót liền quần ôm sát vô cùng quyến rũ bởi chúng đã góp phần làm tôn vinh những đường cong của cơ thể người phụ nữ."
  },
  {
    "Id": "83",
    "Name": "Bondage",
    "Description": "Là một nhánh của BDSM, mô tả nhân vật bị trói buộc một cách khiêu gợi, hành hạ bạo dâm dạng trói."
  },
  {
    "Id": "84",
    "Name": "Breast Sucking",
    "Description": "Mút vếu."
  },
  {
    "Id": "85",
    "Name": "BreastJobs",
    "Description": "Dùng ngực để chà xát dương vật, để làm cho dương vật kích thích."
  },
  {
    "Id": "86",
    "Name": "Brocon",
    "Description": "Thích anh trai/em trai."
  },
  {
    "Id": "87",
    "Name": "Brother",
    "Description": "Anh trai. Cùng hoặc không cùng huyết thống."
  },
  {
    "Id": "88",
    "Name": "Business Suit",
    "Description": "Đồng phục nơi công sở của nữ."
  },
  {
    "Id": "89",
    "Name": "Catgirls",
    "Description": "Nhân vật lai giữa người và mèo: cô gái có thể có tai và đuôi mèo. Hoặc ám chỉ nhân vật nữ có gắn phụ kiện của mèo (móng vuốt, râu…)."
  },
  {
    "Id": "90",
    "Name": "Che ít",
    "Description": "Thể loại này Che ít các bộ phận nhạy cảm."
  },
  {
    "Id": "91",
    "Name": "Che nhiều",
    "Description": "Thể loại này Che nhiều các bộ phận nhạy cảm."
  },
  {
    "Id": "92",
    "Name": "Cheating",
    "Description": "Bị đe dọa tống tình, ngoại tình."
  },
  {
    "Id": "93",
    "Name": "Chikan",
    "Description": "Quấy rối tình dục nơi công cộng, chủ yếu xảy ra ở tàu điện ngầm."
  },
  {
    "Id": "94",
    "Name": "Chinese Dress",
    "Description": "Là trang phục Xường xám hay áo dài Thượng Hải, một loại trang phục truyền thống rất phổ biến tại Trung Quốc."
  },
  {
    "Id": "95",
    "Name": "Có che",
    "Description": "Thể loại này Có che các bộ phận nhạy cảm."
  },
  {
    "Id": "96",
    "Name": "Comedy",
    "Description": "Thường có các tình tiết gây cười, hài hước, các xung đột nhẹ nhàng."
  },
  {
    "Id": "97",
    "Name": "Comic",
    "Description": "Nét vẽ theo phong cách Comic của châu âu."
  },
  {
    "Id": "98",
    "Name": "Condom",
    "Description": "Bao cao su. Một thứ dùng để quan hệ tình dục trở nên an toàn hơn, tránh các bệnh cũng như tránh thai."
  },
  {
    "Id": "99",
    "Name": "Cosplay",
    "Description": "Nhân vật sẽ Cosplay."
  },
  {
    "Id": "100",
    "Name": "Cousin",
    "Description": "Anh/Chị/Em họ."
  },
  {
    "Id": "101",
    "Name": "Crotch Tattoo",
    "Description": "Được hiểu đơn giản là Hình xăm giữa háng. Một loại hình xăm thường thấy ở những con Quỷ và Vampire,.. Nhằm tạo sự kích thích khi nhìn vào."
  },
  {
    "Id": "102",
    "Name": "Cunnilingus",
    "Description": "Hành động chạm vào cơ quan sinh dục nữ bằng lưỡi và môi để tạo ra cảm giác thỏa mãn. Hay còn gọi là liếm/bú/mút âm đạo, vét máng."
  },
  {
    "Id": "103",
    "Name": "Dark Skin",
    "Description": "Da đen hoặc da rám nắng."
  },
  {
    "Id": "104",
    "Name": "Daughter",
    "Description": "Con gái trong gia đình. Là con riêng hoặc cùng huyết thống với người cha."
  },
  {
    "Id": "105",
    "Name": "Deepthroat",
    "Description": "Đút dương vật lút cán vào sâu trong miệng, đến tận cuống họng."
  },
  {
    "Id": "106",
    "Name": "Demon",
    "Description": "Chúa quỷ."
  },
  {
    "Id": "107",
    "Name": "DemonGirl",
    "Description": "Chúa quỷ là nhân vật nữ."
  },
  {
    "Id": "108",
    "Name": "Devil",
    "Description": "Quỷ nam."
  },
  {
    "Id": "109",
    "Name": "DevilGirl",
    "Description": "Gái quỷ. Trong đó có những nữ quỷ thông thường hoặc Succubus (Quỷ mộng tinh)."
  },
  {
    "Id": "110",
    "Name": "Dirty",
    "Description": "Bẩn bựa, nhìn vào họ thôi đã thấy kinh tởm rồi."
  },
  {
    "Id": "111",
    "Name": "Dirty Old Man",
    "Description": "Già bẩn bựa. Thể loại này ý chỉ những lão già đã xấu còn đóng vai ác, những hành động của các lão cũng đã nói lên điều đó trong thể loại này."
  },
  {
    "Id": "112",
    "Name": "DogGirl",
    "Description": "Mô tả cô gái mang đặc tính của một con chó."
  },
  {
    "Id": "113",
    "Name": "Double Penetration",
    "Description": "Hành vi tình dục trong đó cả hai thứ là âm đạo và hậu môn có thể bị chèn cùng một lúc."
  },
  {
    "Id": "114",
    "Name": "Doujinshi",
    "Description": "Thể loại truyện phóng tác do fan vẽ, hoàn toàn không liên quan với truyện gốc. Tác giả vẽ Doujinshi thường dựa trên những nhân vật gốc để viết ra những câu chuyện nhại lại theo sở thích của mình."
  },
  {
    "Id": "115",
    "Name": "Drama",
    "Description": "Mang đến cho người xem những cảm xúc khác nhau: buồn bã, căng thẳng thậm chí là bi phẫn."
  },
  {
    "Id": "116",
    "Name": "Drug",
    "Description": "Thuốc uống. Ví dụ như thuốc ngủ, thuốc mê..."
  },
  {
    "Id": "117",
    "Name": "Ecchi",
    "Description": "Thường có những tình huống nhạy cảm nhằm lôi cuốn người xem."
  },
  {
    "Id": "118",
    "Name": "Elder Sister",
    "Description": "Là chị gái, có hoặc không có cùng huyết thống."
  },
  {
    "Id": "119",
    "Name": "Elf",
    "Description": "Yêu tinh."
  },
  {
    "Id": "120",
    "Name": "Exhibitionism",
    "Description": "Lộ bộ phận nhạy cảm trước mặt người khác. Thường là do bị nhìn lén, rình trộm."
  },
  {
    "Id": "121",
    "Name": "Fantasy",
    "Description": "Thể loại xuất phát từ trí tưởng tượng phong phú, từ pháp thuật đến thế giới trong mơ thậm chí là những câu chuyện thần tiên."
  },
  {
    "Id": "122",
    "Name": "Father",
    "Description": "Người cha. Là cha ruột hoặc chỉ là cha dượng (Cùng mẹ khác cha)."
  },
  {
    "Id": "123",
    "Name": "Femdom",
    "Description": "Nhân vật nữ làm chủ đạo, thống trị trong khi làm tình."
  },
  {
    "Id": "124",
    "Name": "Fingering",
    "Description": "Việc chèn hoặc cọ xát ngón tay vào âm đạo hoặc hậu môn gây ra kích thích."
  },
  {
    "Id": "125",
    "Name": "Footjob",
    "Description": "Cô gái sóc hàng của người nam bằng chân."
  },
  {
    "Id": "126",
    "Name": "Foxgirls",
    "Description": "Mô tả cô gái mang đặc tính của một con cáo."
  },
  {
    "Id": "127",
    "Name": "Full Color",
    "Description": "Truyện full màu."
  },
  {
    "Id": "128",
    "Name": "Furry",
    "Description": "Những sinh vật giống người nhưng mang những nhân cách, đặc điểm và hình dáng của thú vật."
  },
  {
    "Id": "129",
    "Name": "Futanari",
    "Description": "Miêu tả những nhân vật nữ mang bộ phận sinh dục nam."
  },
  {
    "Id": "130",
    "Name": "GangBang",
    "Description": "Nhiều nam hãm hiếp một nữ (3 nam trở lên)."
  },
  {
    "Id": "131",
    "Name": "Garter Belts",
    "Description": "Garter belt hay còn gọi là dây thun bó chân, là món phụ kiện khá quen thuộc với mọi cô nàng. Garter belt có tác dụng gắn kết giữa quần trong và phần tất chân, giúp tất chân không bị tuột."
  },
  {
    "Id": "132",
    "Name": "Gender Bender",
    "Description": "Là một thể loại trong đó giới tính của nhân vật bị lẫn lộn: nam hoá thành nữ, nữ hóa thành nam..."
  },
  {
    "Id": "133",
    "Name": "Ghost",
    "Description": "Ma."
  },
  {
    "Id": "134",
    "Name": "Glasses",
    "Description": "Mắt kính."
  },
  {
    "Id": "135",
    "Name": "Gothic Lolita",
    "Description": "Còn được gọi là GothLoli, một loại trang phục bắt nguồn từ Nhật Bản, nhưng dựa trên thời Victoria và Edward, phổ biến rộng rãi ở Nhật và hiện đã có mặt ở khắp nơi trên thế giới."
  },
  {
    "Id": "136",
    "Name": "Group",
    "Description": "Làm tình theo nhóm, bao gồm nhiều nữ với một nam, hoặc đôi khi là nhiều cặp làm tình chung một địa điểm. Đôi khi là nhiều nam với một nữ."
  },
  {
    "Id": "137",
    "Name": "Guro",
    "Description": "Có những hình ảnh mang tính ghê rợn và bạo lực cao liên quan đến tình dục. Như mổ xẻ xác chết rồi làm tình với nó, thông não, vv..."
  },
  {
    "Id": "138",
    "Name": "Hairy",
    "Description": "Âm đạo của nhân vật nữ có nhiều lông."
  },
  {
    "Id": "139",
    "Name": "Handjob",
    "Description": "Các hành vi sử dụng một tay để kích thích dương vật của người khác."
  },
  {
    "Id": "140",
    "Name": "Harem",
    "Description": "Nhiều nhân vật nữ thích một nam chính. Thường là 2 người trở lên (Với điều kiện không phải tình tay ba)."
  },
  {
    "Id": "141",
    "Name": "HentaiVN",
    "Description": "Những truyện được đăng chính thức tại HentaiVN."
  },
  {
    "Id": "142",
    "Name": "Historical",
    "Description": "Truyện có thể loại này sẽ có bối cảnh nói về thời xa xưa, hoặc lịch sử."
  },
  {
    "Id": "143",
    "Name": "Horror",
    "Description": "Là một loại kinh dị thông thường. Tạo sự rùng rợn và ghê sợ khi xem chúng. Thể loại Horror không có cảnh mổ xẻ tình dục kinh tởm quá mức như Guro. Hầu hết chỉ là giết chóc đơn thuần, hoặc nội dung ma quỷ, máu me ở mức độ khiến chúng ta ghê sợ."
  },
  {
    "Id": "144",
    "Name": "Housewife",
    "Description": "Housewife là một thuật ngữ dùng để mô tả một phụ nữ đã lập gia đình không được làm việc bên ngoài của ngôi nhà, thay vào đó cô sẽ làm nội trợ trong khi chồng cô làm việc."
  },
  {
    "Id": "145",
    "Name": "Humiliation",
    "Description": "Làm xấu hổ, mang tính ép buộc hoặc đặt một nhân vật nào đó vào tình cảnh tiến thoái lưỡng nan không trốn tránh được."
  },
  {
    "Id": "146",
    "Name": "Idol",
    "Description": "Thần tượng. Nội dung truyện có liên quan đến các nữ idol trên sân khấu. Không phải chỉ là các nhân vật từ các game/anime idol, trừ khi họ thể hiện nó trong nội dung truyện."
  },
  {
    "Id": "147",
    "Name": "Imouto",
    "Description": "Là em gái, không nhất thiết phải là em gái cùng huyết thống."
  },
  {
    "Id": "148",
    "Name": "Incest",
    "Description": "Loạn luân, quan hệ với thành viên có cùng huyết thống."
  },
  {
    "Id": "149",
    "Name": "Insect (Côn Trùng)",
    "Description": "Côn trùng"
  },
  {
    "Id": "150",
    "Name": "Isekai",
    "Description": "Isekai được hiểu là Dị giới. Trong thể loại này nhân vật chính sẽ Xuyên không sang thế giới khác, hoặc trực tiếp Chuyển sinh (đầu thai) sang đây."
  },
  {
    "Id": "151",
    "Name": "Không che",
    "Description": "Thể loại này Không che các bộ phận nhạy cảm. Hoàn toàn Uncensored."
  },
  {
    "Id": "152",
    "Name": "Kimono",
    "Description": "Mặc một bộ đồ mang đặc tính Kimono."
  },
  {
    "Id": "153",
    "Name": "Kuudere",
    "Description": "Kiểu nhân vật bề ngoài cực kì lạnh lùng để che giấu cảm xúc bên trong. Chỉ mở lòng khi chinh phục được nàng."
  },
  {
    "Id": "154",
    "Name": "Lolicon",
    "Description": "Truyện xyz với bé gái hoặc mang hình dạng bé gái."
  },
  {
    "Id": "155",
    "Name": "Maids",
    "Description": "Trang phục hầu gái là rất phổ biến ở Nhật Bản và thường được mặc trong anime và manga."
  },
  {
    "Id": "156",
    "Name": "Manhua",
    "Description": "Truyện Trung quốc, đặc biệt là cổ trang. Tất cả truyện do người Trung vẽ đều thuộc tag Manhua, kể cả vẽ theo phong cách và bối cảnh Nhật Bản."
  },
  {
    "Id": "157",
    "Name": "Manhwa",
    "Description": "Truyện hàn quốc. Thể loại này đã bị cấm đăng vì lí do bản quyền!"
  },
  {
    "Id": "158",
    "Name": "Masturbation",
    "Description": "Tự sướng hay còn gọi là thủ dâm. Đây là hành động tự làm sướng bản thân (dương vật, âm đạo) mà không cần bất kỳ đối tác nào."
  },
  {
    "Id": "159",
    "Name": "Mature",
    "Description": "Bao gồm các pha bạo lực, máu me, chém giết, tình dục ở mức độ vừa."
  },
  {
    "Id": "160",
    "Name": "Miko",
    "Description": "Gái giữ đền, gái vu nữ."
  },
  {
    "Id": "161",
    "Name": "Milf",
    "Description": "Lái máy bay bà già."
  },
  {
    "Id": "162",
    "Name": "Mind Break",
    "Description": "Đánh mất bản thân, sa ngã vì dục vọng."
  },
  {
    "Id": "163",
    "Name": "Mind Control",
    "Description": "Bị điều khiển tâm trí như thuật thôi miên hay công cụ, ứng dụng hack não các kiểu..."
  },
  {
    "Id": "164",
    "Name": "Mizugi",
    "Description": "Đồ bơi đặc trưng tại trường học chỉ có ở Nhật Bản."
  },
  {
    "Id": "165",
    "Name": "Monster",
    "Description": "Con quái vật, loài động vật bị đột biến hoặc con người, sinh vật thần thoại, hay người ngoài hành tinh."
  },
  {
    "Id": "166",
    "Name": "Monstergirl",
    "Description": "Gái quái vật."
  },
  {
    "Id": "167",
    "Name": "Mother",
    "Description": "Mẹ/Má. Là mẹ ruột, cũng có thể là mẹ nuôi/mẹ kế."
  },
  {
    "Id": "168",
    "Name": "Nakadashi",
    "Description": "Tinh dịch tuôn ra nhiều đến mức tràn ra ngoài âm đạo."
  },
  {
    "Id": "169",
    "Name": "Netori",
    "Description": "Main đi NTR (Cắm sừng) người khác."
  },
  {
    "Id": "170",
    "Name": "Non-hen",
    "Description": "Là truyện bình thường không có các cảnh hở hang, không có bất kỳ yếu tố người lớn nào. Thể loại này đã bị cấm đăng bởi nội quy!"
  },
  {
    "Id": "171",
    "Name": "NTR",
    "Description": "Cướp bồ của Main, cắm sừng,.."
  },
  {
    "Id": "172",
    "Name": "Nun",
    "Description": "Là Sơ (Sister) trong nhà thờ. Hay còn được gọi là Nữ Tu."
  },
  {
    "Id": "173",
    "Name": "Nurse",
    "Description": "Y tá hoặc mặc trang phục y tá."
  },
  {
    "Id": "174",
    "Name": "Old Man",
    "Description": "Ở thể loại này bạn sẽ được thấy những ông già bình thường, không bẩn bựa tí nào."
  },
  {
    "Id": "175",
    "Name": "Oneshot",
    "Description": "Các truyện chỉ có 1 chap."
  },
  {
    "Id": "176",
    "Name": "Oral",
    "Description": "Quan hệ tình dục bằng đường miệng. Người chủ động là nhân vật nam."
  },
  {
    "Id": "177",
    "Name": "Osananajimi",
    "Description": "Bạn thời thơ ấu. Nội dung ở đây nói tới một người bạn thời thơ ấu của nam chính. Thường thì họ luôn có tình cảm với nam chính."
  },
  {
    "Id": "178",
    "Name": "Paizuri",
    "Description": "Quan hệ tình dục với ngực."
  },
  {
    "Id": "179",
    "Name": "Pantyhose",
    "Description": "Một dạng quần tất, thường là màu đen, dùng để mặc đè lên quần lót."
  },
  {
    "Id": "180",
    "Name": "Ponytail",
    "Description": "Trong Anime/Manga thì chúng ta thường thấy đây là kiểu tóc buộc một bên phải hoặc trái. Hoặc buộc phía sau: Kiểu tóc đuôi ngựa."
  },
  {
    "Id": "181",
    "Name": "Pregnant",
    "Description": "Có thai."
  },
  {
    "Id": "182",
    "Name": "Rape",
    "Description": "Hiếp dâm."
  },
  {
    "Id": "183",
    "Name": "Rimjob",
    "Description": "Liếm lỗ hậu, làm nhiều động tác bằng miệng khiến lỗ hậu cảm thấy sướng."
  },
  {
    "Id": "184",
    "Name": "Romance",
    "Description": "Thường là những câu chuyện về tình yêu. Ở đây chúng ta sẽ lấy ví dụ như tình yêu giữa một người con trai và con gái, bên cạnh đó đặc điểm thể loại này là kích thích trí tưởng tượng của bạn về tình yêu."
  },
  {
    "Id": "185",
    "Name": "Ryona",
    "Description": "Làm tổn thương cơ thể người khác (Như đấm, đá, hành hạ) mà không có sự đồng ý từ người đó, và người đó cũng không chống lại."
  },
  {
    "Id": "186",
    "Name": "Scat",
    "Description": "Shit - chất thải của con người sau mỗi bữa ăn. Tại thể loại này người ta sẽ làm tình với Shit, và các hoạt động tình dục liên quan đến nó. Hãy cân nhắc kĩ trước khi xem truyện có thể loại này. (Scat đã bị cấm kể từ 14/3/2019)."
  },
  {
    "Id": "187",
    "Name": "School Uniform",
    "Description": "Đồng phục trường học."
  },
  {
    "Id": "188",
    "Name": "SchoolGirl",
    "Description": "Gái có đồng phục nữ sinh, hoặc là nữ sinh dù mặc trang phục khác."
  },
  {
    "Id": "189",
    "Name": "Series",
    "Description": "Truyện có nhiều chap và nội dung liên quan đến nhau."
  },
  {
    "Id": "190",
    "Name": "Sex Toys",
    "Description": "Đồ chơi tình dục."
  },
  {
    "Id": "191",
    "Name": "Shimapan",
    "Description": "Quần lót có kẻ sọc như xanh, hồng, đỏ,.."
  },
  {
    "Id": "192",
    "Name": "Short Hentai",
    "Description": "Truyện ngắn. Dù là chung một bộ truyện, nhưng lại chứa các nội dung khác nhau."
  },
  {
    "Id": "193",
    "Name": "Shota",
    "Description": "Truyện về nhân vật nam ở tuổi vị thành niên hoặc mang dáng vóc của trẻ vị thành niên."
  },
  {
    "Id": "194",
    "Name": "Shoujo",
    "Description": "Không chỉ nam giới, thể loại này còn rất phù hợp cho nữ giới."
  },
  {
    "Id": "195",
    "Name": "Siscon",
    "Description": "Cuồng chị gái, yêu em gái. Vượt quá giới hạn của anh chị em."
  },
  {
    "Id": "196",
    "Name": "Sister",
    "Description": "Chị gái, em gái."
  },
  {
    "Id": "197",
    "Name": "Slave",
    "Description": "Nô lệ tình dục."
  },
  {
    "Id": "198",
    "Name": "Sleeping",
    "Description": "Làm tình với người đang ngủ say hoặc giả vờ ngủ."
  },
  {
    "Id": "199",
    "Name": "Small Boobs",
    "Description": "Ngực tương đối nhỏ hoặc ngực phẳng lì như cái sân bay."
  },
  {
    "Id": "200",
    "Name": "Son",
    "Description": "Là con trai trong gia đình. Có hoặc không có cùng huyết thống (con nuôi) (cha dượng, mẹ kế)."
  },
  {
    "Id": "201",
    "Name": "Sports",
    "Description": "Liên quan đến các môn thể thao, vận động thể thao."
  },
  {
    "Id": "202",
    "Name": "Stockings",
    "Description": "Là một loại vớ (tất) ngắn hoặc dài, thường là màu đen."
  },
  {
    "Id": "203",
    "Name": "Supernatural",
    "Description": "Thể hiện những sức mạnh đáng kinh ngạc và không thể giải thích được, chúng thường đi kèm với những sự kiện trái ngược hoặc thách thức với những định luật vật lý."
  },
  {
    "Id": "204",
    "Name": "Sweating",
    "Description": "Chảy mồ hôi rất nhiều. Trong cảnh làm tình thì chủ yếu là nhân vật nữ tuôn ra rất nhiều mồ hôi trông rất ướt át."
  },
  {
    "Id": "205",
    "Name": "Swimsuit",
    "Description": "Bao gồm tất cả các loại đồ bơi."
  },
  {
    "Id": "206",
    "Name": "Tall Girl",
    "Description": "Gái cao ráo, chân dài tới nách. Thường có chiều cao hơn nam chính."
  },
  {
    "Id": "207",
    "Name": "Teacher",
    "Description": "Giáo viên."
  },
  {
    "Id": "208",
    "Name": "Tentacles",
    "Description": "Sinh vật có xúc tua/xúc tu (thường là quái vật) hiếp dâm các cô gái bằng những chiếc vòi."
  },
  {
    "Id": "209",
    "Name": "Time Stop",
    "Description": "Ngưng thời gian."
  },
  {
    "Id": "210",
    "Name": "Tomboy",
    "Description": "Cô nàng với vẻ ngoài và tính cách giống với nam giới (thường là tóc ngắn)"
  },
  {
    "Id": "211",
    "Name": "Tracksuit",
    "Description": "Một loại quần áo quen thuộc dùng để mặc khi tập luyện thể thao."
  },
  {
    "Id": "212",
    "Name": "Transformation",
    "Description": "Nhân vật biến thân sang một hình thể khác."
  },
  {
    "Id": "213",
    "Name": "Trap",
    "Description": "Nhân vật nam ăn mặc giống nữ, hoặc có các tính cách giống nữ."
  },
  {
    "Id": "214",
    "Name": "Truyện Việt",
    "Description": "Truyện Việt Nam. Được vẽ bởi họa sĩ người Việt. Kể cả những truyện theo phong cách của nước khác, miễn rằng do người Việt vẽ thì đó là Truyện Việt."
  },
  {
    "Id": "215",
    "Name": "Tsundere",
    "Description": "Tính cách, ứng xử ngược lại với cảm xúc."
  },
  {
    "Id": "216",
    "Name": "Twins",
    "Description": "Song sinh. Có ngoại hình giống y hệt nhau."
  },
  {
    "Id": "217",
    "Name": "Twintails",
    "Description": "Tóc hai bím. Một ví dụ là nhân vật Hatsune Miku."
  },
  {
    "Id": "218",
    "Name": "Vampire",
    "Description": "Ma cà rồng"
  },
  {
    "Id": "219",
    "Name": "Vanilla",
    "Description": "Truyện có thể loại này câu chuyện chủ yếu xoay quanh nhân vật nam và nữ, và không có gì bất thường xảy ra như cướp, tập thể, tay ba,.. Thể loại Vanilla không nhất thiết phải là yêu nhau."
  },
  {
    "Id": "220",
    "Name": "Virgin",
    "Description": "Gái trinh. Lưu ý có những cô gái khi làm tình lần đầu không có máu trinh là vì đã mất trinh trước đó do tai nạn, hoặc do thủ dâm làm rách màng trinh."
  },
  {
    "Id": "221",
    "Name": "Webtoon",
    "Description": "Đây những truyện có cách đọc đặc biệt là kéo xuống đến hết. Không như các thể loại khác với cách đọc truyền thống và thường in ra sách, thì Webtoon chỉ phát hành trực tuyến - Đó cũng là lý do nó có cách đọc đặc biệt như vậy."
  },
  {
    "Id": "222",
    "Name": "X-ray",
    "Description": "X-Quang, rọi xuyên bên trong khi làm tình."
  },
  {
    "Id": "223",
    "Name": "Yandere",
    "Description": "Các cô gái dễ thương ngày nào của chúng ta sẵn sàng ra tay thủ tiêu tình địch, hay mù quáng hơn là hạ thủ người yêu để anh ấy mãi của riêng mình. Truyện thuộc thể loại không nhất thiết nhân vật nữ phải giết bạn tình, đôi khi chỉ là biểu hiện mà thôi."
  },
  {
    "Id": "224",
    "Name": "Yaoi",
    "Description": "Trai x Trai. Thể loại này còn được gọi là BL (Boy Love) hoặc Đam Mỹ."
  },
  {
    "Id": "225",
    "Name": "Yuri",
    "Description": "Trong Hentai thì thể loại này không chỉ dành riêng cho Nữ x Nữ, mà một số truyện còn có sự xuất hiện của nhân vật nam (Harem). Chúng ta sẽ thấy 2 nhân vật nữ làm tình với nhau cùng lúc hoặc không cùng lúc với nhân vật nam."
  },
  {
    "Id": "226",
    "Name": "Zombie",
    "Description": "Xác sống."
  },
  {
    "Id": "227",
    "Name": "Game",
    "Description": ""
  },
  {
    "Id": "228",
    "Name": "Military",
    "Description": "Quân sự"
  },
  {
    "Id": "229",
    "Name": "Music",
    "Description": "Âm nhạc"
  },
  {
    "Id": "230",
    "Name": "Parody",
    "Description": ""
  },
  {
    "Id": "231",
    "Name": "Slice of  Life",
    "Description": "Đời thường"
  },
  {
    "Id": "232",
    "Name": "Violence",
    "Description": "Bạo lực"
  },
  {
    "Id": "233",
    "Name": "Adult Life",
    "Description": "Cuộc sống trưởng thành"
  },
  {
    "Id": "234",
    "Name": "College",
    "Description": "Đại học"
  },
  {
    "Id": "235",
    "Name": "4-koma",
    "Description": "Wiki đi bạn: https://vi.wikipedia.org/wiki/Yonkoma"
  },
  {
    "Id": "236",
    "Name": "No Text",
    "Description": "Truyện không lời"
  },
  {
    "Id": "237",
    "Name": "Hints",
    "Description": "Những bộ có cảnh gái với nhau trông rất ngon, nhưng không có ẩn ý gì cả. Khác với tag Subtext"
  },
  {
    "Id": "238",
    "Name": "Lỗi: không tìm thấy trai",
    "Description": "Cho những bộ hoàn toàn không có sự xuất hiện của con trai."
  },
  {
    "Id": "239",
    "Name": "Blushing",
    "Description": "Đỏ mặt"
  },
  {
    "Id": "240",
    "Name": "Reversal",
    "Description": "Lật kèo đó"
  },
  {
    "Id": "241",
    "Name": "Het",
    "Description": "Đầy đủ là Hetero, quan hệ dị tính nam x nữ."
  },
  {
    "Id": "242",
    "Name": "Excuse me WTF?",
    "Description": "Xin lỗi, tôi đang đọc cái quái gì vậy??"
  },
  {
    "Id": "243",
    "Name": "Pay for Gay",
    "Description": "Trả tiền để được gay"
  },
  {
    "Id": "244",
    "Name": "FBI Warning!!",
    "Description": ""
  },
  {
    "Id": "245",
    "Name": "Moe Paradise",
    "Description": "Thiên đường moe.Như cái cách mà bạn có thể truy cập yurineko bằng địa chỉ yune.moe vậy"
  },
  {
    "Id": "246",
    "Name": "Science Babies",
    "Description": ""
  },
  {
    "Id": "247",
    "Name": "Student x Teacher",
    "Description": "Giáo viên x Học sinh"
  },
  {
    "Id": "248",
    "Name": "Mahou Shoujo",
    "Description": "Ma pháp thiếu nữ"
  },
  {
    "Id": "249",
    "Name": "Yankee",
    "Description": "yang hồ"
  },
  {
    "Id": "250",
    "Name": "Maid",
    "Description": "Hầu gái"
  },
  {
    "Id": "251",
    "Name": "Monster Girl",
    "Description": "Géi quái vật"
  },
  {
    "Id": "252",
    "Name": "Office Lady",
    "Description": "Nữ nhân viên văn phòng"
  },
  {
    "Id": "253",
    "Name": "Animal Ears",
    "Description": "Tag cho những bộ có gái tai thú"
  },
  {
    "Id": "254",
    "Name": "Bisexual",
    "Description": ""
  },
  {
    "Id": "255",
    "Name": "Age Gap",
    "Description": "Chêch lệch tuổi tác"
  },
  {
    "Id": "256",
    "Name": "Co-worker",
    "Description": "Đồng nghiệp"
  },
  {
    "Id": "257",
    "Name": "Roommates",
    "Description": "Bạn cùng phòng"
  },
  {
    "Id": "258",
    "Name": "Childhood Friends",
    "Description": "Bạn từ bé"
  },
  {
    "Id": "259",
    "Name": "Love Triangle",
    "Description": "Tam giác tình yêu"
  },
  {
    "Id": "260",
    "Name": "Threesome",
    "Description": "Chơi 3"
  },
  {
    "Id": "261",
    "Name": "Polyamory",
    "Description": "Mối quan hệ nhiều hơn 2 người không chỉ dựa trên tình dục, nghĩa là mối quan hệ tình cảm nhiều hơn 2 người và được những người ở trong mối quan hệ đồng thuận."
  },
  {
    "Id": "262",
    "Name": "Marriage",
    "Description": "Kết hôn"
  },
  {
    "Id": "263",
    "Name": "Christmas",
    "Description": "Giáng sinh"
  },
  {
    "Id": "264",
    "Name": "Halloween",
    "Description": "Ngày Halloween"
  },
  {
    "Id": "265",
    "Name": "New Year's",
    "Description": "Năm mới"
  },
  {
    "Id": "266",
    "Name": "Valentine",
    "Description": "Ngày Valentine"
  },
  {
    "Id": "267",
    "Name": "Thất Tịch",
    "Description": "Ngày lễ Thất Tịch"
  },
  {
    "Id": "268",
    "Name": "Birthday",
    "Description": "Sinh nhật"
  },
  {
    "Id": "269",
    "Name": "Big Breasts",
    "Description": "Ngực to, tôi cũng thích Big Breasts."
  },
  {
    "Id": "270",
    "Name": "Butts",
    "Description": "Dành cho những bộ tập trung vào vẻ đẹp của mông.Nhân tiện, tôi thích mông."
  },
  {
    "Id": "271",
    "Name": "Loli",
    "Description": ""
  },
  {
    "Id": "272",
    "Name": "Netorare",
    "Description": ""
  },
  {
    "Id": "273",
    "Name": "Toys",
    "Description": "Đồ chơi, nhưng ở đây không dành cho trẻ em"
  },
  {
    "Id": "274",
    "Name": "Massage",
    "Description": ""
  },
  {
    "Id": "275",
    "Name": "Boob Sex",
    "Description": ""
  },
  {
    "Id": "276",
    "Name": "Pocky Game",
    "Description": "Cách gọi khác là Pocky Kiss"
  },
  {
    "Id": "277",
    "Name": "School Girl",
    "Description": "Nữ sinh"
  },
  {
    "Id": "278",
    "Name": "Light Novel",
    "Description": ""
  },
  {
    "Id": "279",
    "Name": "Drunk",
    "Description": "Say xỉn"
  },
  {
    "Id": "280",
    "Name": "Creepy",
    "Description": "Rùng mình, sỡ hẽi"
  },
  {
    "Id": "281",
    "Name": "Official",
    "Description": "Hàng chính thức"
  },
  {
    "Id": "282",
    "Name": "Spin-off",
    "Description": ""
  },
  {
    "Id": "283",
    "Name": "Bath",
    "Description": "Bồn tắm"
  },
  {
    "Id": "284",
    "Name": "Mangaka",
    "Description": "Tác giả manga"
  },
  {
    "Id": "285",
    "Name": "Yuri Crush",
    "Description": "Bạn có đang crush một ai không?Tag này có nghĩa là vậy đấy, nhưng là gái crush gái, nên ta có tag Yuri Crush"
  },
  {
    "Id": "286",
    "Name": "NSFW",
    "Description": "Viết tắt của Not safe/suitable for work. Về cơ bản ám chỉ nội dung nhạy cảm, không nên xem khi có người khác ở bên cạnh.Không áp dụng cho truyện nằm trong trang R18, vì R18 vốn NSFW sẵn rồi."
  },
  {
    "Id": "287",
    "Name": "Subtext",
    "Description": "Ẩn ý, dành cho những bộ có một ẩn ý về mối quan hệ lãng mạn của 2 người, nhưng chưa được canon."
  },
  {
    "Id": "288",
    "Name": "Food",
    "Description": "Đồ ăn"
  },
  {
    "Id": "289",
    "Name": "Mermaid",
    "Description": "Mỹ nhân ngư"
  },
  {
    "Id": "290",
    "Name": "Drugs",
    "Description": "Chơi thuốc, hoặc bị chuốc, hoặc vô tình"
  },
  {
    "Id": "291",
    "Name": "Tailsex",
    "Description": "Dùng đuôi sex"
  },
  {
    "Id": "292",
    "Name": "Zombies",
    "Description": "Zombie"
  },
  {
    "Id": "293",
    "Name": "Childification",
    "Description": "Trẻ hóa"
  },
  {
    "Id": "294",
    "Name": "Prostitution",
    "Description": "Mại dâm"
  },
  {
    "Id": "295",
    "Name": "Bullying",
    "Description": "Bắt nạt"
  },
  {
    "Id": "296",
    "Name": "Amnesia",
    "Description": "Mất trí nhớ"
  },
  {
    "Id": "297",
    "Name": "Time Travel",
    "Description": "Du hành thời gian"
  },
  {
    "Id": "298",
    "Name": "Gyaru",
    "Description": "Đọc nhiều thì biết thôi :v"
  },
  {
    "Id": "299",
    "Name": "Sequel",
    "Description": "Phần tiếp theo"
  },
  {
    "Id": "300",
    "Name": "Disability",
    "Description": "Khuyết tật"
  },
  {
    "Id": "301",
    "Name": "Hypnosis",
    "Description": "Thôi miên"
  },
  {
    "Id": "302",
    "Name": "Autobiographical",
    "Description": "Tự truyện của chính tác giả"
  },
  {
    "Id": "303",
    "Name": "Feet",
    "Description": "Chân"
  },
  {
    "Id": "304",
    "Name": "Player",
    "Description": "phắc gơn =))"
  },
  {
    "Id": "305",
    "Name": "Delinquent",
    "Description": "Tag dành cho những bộ có học sinh có xu hướng vi phạm (bỏ học, hút thuốc, đánh lộn...)"
  },
  {
    "Id": "306",
    "Name": "Lactation",
    "Description": "Ngực chảy sữa"
  },
  {
    "Id": "307",
    "Name": "Orgy",
    "Description": "Một bữa tiệc với rất nhiều người ( ͡° ͜ʖ ͡°)"
  },
  {
    "Id": "308",
    "Name": "Alien",
    "Description": "Người ngoài hành tinh"
  },
  {
    "Id": "309",
    "Name": "Swimsuits",
    "Description": "Đồ bơi"
  },
  {
    "Id": "310",
    "Name": "Robot",
    "Description": "Người máy"
  },
  {
    "Id": "311",
    "Name": "Deity",
    "Description": "Thần"
  },
  {
    "Id": "312",
    "Name": "Stalking",
    "Description": "Cách gọi khác là Stalker: kẻ theo dõi."
  },
  {
    "Id": "313",
    "Name": "Moderate amounts of sex",
    "Description": "Sex vừa phải"
  },
  {
    "Id": "314",
    "Name": "Lots of sex",
    "Description": "Sex nhiều"
  },
  {
    "Id": "315",
    "Name": "Biting",
    "Description": "Cắn"
  },
  {
    "Id": "316",
    "Name": "Clones",
    "Description": "Nhân bản"
  },
  {
    "Id": "317",
    "Name": "Prequel",
    "Description": "Tiền truyện"
  },
  {
    "Id": "318",
    "Name": "Post-Apocalyptic",
    "Description": "Hậu tận thế"
  },
  {
    "Id": "319",
    "Name": "Philosophical",
    "Description": "Triết học"
  },
  {
    "Id": "320",
    "Name": "Omegaverse",
    "Description": "Vũ trụ Omegaverse, còn được gọi là ABO - Alpha, Beta và OmegaGiới tính sinh học ngoài \"Nam và Nữ\" sẽ có có thêm \"Alpha, Beta và Omega\". ABO quyết định khả năng giao phối.Alpha - Có thể thụ thai cho cả Omega và Beta. Có \"tiết dục tố\" thu hút Omega..Omega - Chỉ có thể thụ thai từ Alpha. Có \"tiết dục tố\" thu hút Alpha. Có kỳ phát tình định kỳ..Beta - Có thể thụ thai cho/ từ beta khác nhưng không thể thụ thai cho Omega. Không có và cũng không bị ảnh hưởng bởi \"tiết dục tố\"."
  },
  {
    "Id": "321",
    "Name": "Amputee",
    "Description": "Cụt tay, chân"
  },
  {
    "Id": "322",
    "Name": "Watersports",
    "Description": "Thể thao nước... theo lẽ thường là thế.Nghĩa của nó ở đây là nước tiểu"
  },
  {
    "Id": "323",
    "Name": "Wholesome",
    "Description": "Lành mạnh"
  },
  {
    "Id": "324",
    "Name": "Height Gap",
    "Description": "Chênh lệch chiều cao"
  },
  {
    "Id": "325",
    "Name": "Idiot Couple",
    "Description": "Cặp đôi ngốc ngếch"
  },
  {
    "Id": "326",
    "Name": "Assassin",
    "Description": "Sát thủ"
  },
  {
    "Id": "327",
    "Name": "Transgender",
    "Description": "Chuyển giới"
  },
  {
    "Id": "328",
    "Name": "Biographical",
    "Description": "Cách gọi khác là True Story - dựa trên câu chuyện có thật.Tác phẩm dựa trên chính cuộc đời của tác giả được gọi là Autobiographical"
  },
  {
    "Id": "329",
    "Name": "Introspective",
    "Description": "Nội tâm"
  },
  {
    "Id": "330",
    "Name": "Ninja",
    "Description": ""
  },
  {
    "Id": "331",
    "Name": "Cross-dressing",
    "Description": "Đảo trang (Mặc trang phục khác giới)"
  },
  {
    "Id": "332",
    "Name": "Beach",
    "Description": "Biển"
  },
  {
    "Id": "333",
    "Name": "Depressing as fuck",
    "Description": "Chán nản cùng cực"
  },
  {
    "Id": "334",
    "Name": "Space",
    "Description": "Không gian"
  },
  {
    "Id": "335",
    "Name": "Hardcore",
    "Description": "Nặng đô, cân nhắc trước khi xem"
  },
  {
    "Id": "336",
    "Name": "Witch",
    "Description": "Phù thủy"
  },
  {
    "Id": "337",
    "Name": "Insane Amounts of Sex",
    "Description": "D*t nhau điên cuồng Nặng hơn tag Lots of sex"
  },
  {
    "Id": "338",
    "Name": "Spanking",
    "Description": "Đánh đòn"
  },
  {
    "Id": "339",
    "Name": "Abuse",
    "Description": "Lạm dụng, ngược đãi"
  },
  {
    "Id": "340",
    "Name": "Non-moe art",
    "Description": ""
  },
  {
    "Id": "341",
    "Name": "BHTT",
    "Description": ""
  },
  {
    "Id": "342",
    "Name": "Web Novel",
    "Description": ""
  },
  {
    "Id": "343",
    "Name": ">",
    "Description": "Kí hiệu biểu thị cho truyện đọc từ trái qua phải.Không áp dụng cho truyện đã có tag Manhua hay Manhwa."
  },
  {
    "Id": "344",
    "Name": "Chibi",
    "Description": ""
  },
  {
    "Id": "345",
    "Name": "Anilingus",
    "Description": ""
  },
  {
    "Id": "346",
    "Name": "Selfcest",
    "Description": ""
  }
]